<?xml version="1.0" encoding="UTF-8"?>
<project-private xmlns="http://www.netbeans.org/ns/project-private/1">
    <editor-bookmarks xmlns="http://www.netbeans.org/ns/editor-bookmarks/2" lastBookmarkId="0"/>
    <open-files xmlns="http://www.netbeans.org/ns/projectui-open-files/2">
        <group>
            <file>file:/C:/Users/Holme/Documents/NetBeansProjects/DatabaseProject2024/src/databaseproject2024/AdminPage.java</file>
            <file>file:/C:/Users/Holme/Documents/NetBeansProjects/DatabaseProject2024/src/databaseproject2024/DatabaseProject2024.java</file>
            <file>file:/C:/Users/Holme/Documents/NetBeansProjects/DatabaseProject2024/src/databaseproject2024/LoginForm.java</file>
            <file>file:/C:/Users/Holme/Documents/NetBeansProjects/DatabaseProject2024/src/databaseproject2024/LibraryBrowsePage.java</file>
        </group>
    </open-files>
</project-private>
